Kraftstoffverbrauch der Reise,Reisedistanz,Motor-Umdrehungen,Einlaß-Lufttemperatur,Umgebungstemperatur,Luftdurchfluß,Motoröltemperatur,Durchschnittliche Reisegeschwindigkeit,Kraftstoffverbrauch,Berechneter Lastwert,Zeit-Kraftstoffverbrauch.,Kraftstofftank-Inhalt,Geschwindigkeit,
3.3281452E-4,0.0,1492.0,22.0,18.0,5.68,0.0,0.0,0.0,38.431374,1.8546939,54.509804,0.0,
0.0012583946,0.0,1218.0,21.0,18.0,5.51,0.0,0.7399121,179.91837,85.09804,1.7991837,54.117645,1.0,
0.00386951,0.0,1434.0,20.0,18.0,11.95,0.0,0.37734312,179.91837,56.07843,3.9020407,52.941177,0.0,
0.007990953,0.0,1707.0,20.0,18.0,19.1,0.0,2.8659258,77.95918,65.882355,6.236735,52.156864,8.0,
0.011041968,0.0,0.0,20.0,18.0,11.84,0.0,8.475785,18.410109,59.60784,3.8661227,54.509804,21.0,
0.012967345,0.0,2055.0,20.0,18.0,7.34,0.0,12.55745,7.9891157,19.607843,2.3967347,55.686275,30.0,
0.014024185,0.1,2095.0,20.0,18.0,4.99,0.0,15.366042,5.2560897,13.725491,1.6293877,58.039215,31.0,
0.016034218,0.1,1395.0,20.0,17.0,7.7,0.0,17.98799,7.8571424,29.019608,2.5142856,60.0,32.0,
0.017471353,0.1,858.0,19.0,17.0,7.15,0.0,18.097792,12.287863,78.43137,2.334694,60.784313,19.0,
0.019845333,0.1,1414.0,19.0,17.0,9.19,0.0,17.351988,25.006802,42.7451,3.0008163,59.60784,12.0,
0.022017425,0.1,1401.0,19.0,17.0,7.88,0.0,15.697142,85.76871,0.0,2.5730612,53.333332,3.0,
0.023145083,0.1,1203.0,19.0,17.0,4.83,0.0,14.922874,22.530613,18.431372,1.577143,52.54902,7.0,
0.028370013,0.1,2092.0,19.0,17.0,22.85,0.0,14.848832,53.29446,56.47059,7.4612246,56.47059,14.0,
0.03298771,0.1,1958.0,19.0,17.0,20.52,0.0,15.737373,24.816326,57.64706,6.700408,54.901962,27.0,
0.033779614,0.2,1638.0,19.0,17.0,3.87,0.0,16.938292,3.610496,19.215687,1.2636735,56.07843,35.0,
0.0359277,0.2,1721.0,19.0,17.0,9.71,0.0,18.269306,8.343717,21.960785,3.1706123,56.47059,38.0,
0.036735356,0.2,1697.0,19.0,17.0,3.63,0.0,19.447966,3.1192267,13.725491,1.1853062,57.2549,38.0,
0.039337028,0.3,1694.0,19.0,16.0,10.37,0.0,20.555656,9.151683,23.921568,3.3861225,58.82353,37.0,
0.041584972,0.3,1782.0,19.0,16.0,9.87,0.0,21.554718,8.263736,18.82353,3.222857,56.862743,39.0,
0.04227057,0.3,1874.0,19.0,16.0,2.99,0.0,22.560286,2.3812842,10.980392,0.9763265,55.686275,41.0,
0.044029105,0.3,1789.0,19.0,16.0,8.98,0.0,23.256205,7.5185766,29.411764,2.9322448,56.862743,39.0,
0.045257222,0.4,1767.0,19.0,16.0,4.69,0.0,24.099552,3.9267402,15.686275,1.5314286,60.0,39.0,
0.045702364,0.4,1704.0,19.0,16.0,2.1,0.0,24.676823,1.8045112,9.019608,0.68571424,58.82353,38.0,
0.046361014,0.4,1420.0,19.0,16.0,3.13,0.0,24.927706,3.296906,14.117647,1.0220408,55.686275,31.0,
0.04700534,0.4,1131.0,20.0,16.0,2.81,0.0,24.971989,3.5290422,17.647058,0.91755104,54.117645,26.0,
0.04747862,0.4,845.0,20.0,16.0,2.48,0.0,24.53975,6.7482996,30.588236,0.809796,54.901962,12.0,
0.048322164,0.4,2063.0,19.0,16.0,2.31,0.0,23.84837,5.802198,60.0,0.75428575,55.686275,13.0,
0.054577153,0.5,1686.0,19.0,16.0,20.98,0.0,23.85543,28.544218,0.0,6.8506126,50.19608,24.0,
0.058309294,0.5,1858.0,19.0,16.0,16.27,0.0,24.206533,15.625451,53.72549,5.3126535,50.19608,34.0,
0.059165798,0.5,1613.0,19.0,16.0,2.91,0.0,24.665915,2.7148688,13.333333,0.9502041,54.901962,35.0,
0.05959689,0.5,1550.0,19.0,16.0,2.26,0.0,24.916319,2.170468,9.019608,0.73795915,59.215687,34.0,
0.0600203,0.6,1568.0,20.0,16.0,2.24,0.0,25.151651,2.1512606,9.803922,0.7314286,62.7451,34.0,
0.060388085,0.6,1668.0,20.0,15.0,1.86,0.0,25.463999,1.6414783,6.6666665,0.60734695,58.039215,37.0,
0.061237816,0.6,1693.0,20.0,15.0,4.39,0.0,25.754068,3.8742418,8.627451,1.4334694,47.058823,37.0,
0.0618212,0.6,1920.0,19.0,15.0,2.69,0.0,26.172712,2.1423595,18.039215,0.87836736,47.45098,41.0,
0.0625685,0.7,2009.0,19.0,15.0,3.85,0.0,26.599426,2.8571427,13.725491,1.2571428,52.54902,44.0,
0.06347341,0.7,2037.0,20.0,15.0,4.37,0.0,27.057816,3.1709752,6.6666665,1.4269388,57.2549,45.0,
0.06478682,0.7,2132.0,19.0,15.0,5.63,0.0,27.603271,3.91142,13.333333,1.8383675,60.784313,47.0,
0.065872535,0.8,2082.0,20.0,15.0,4.56,0.0,28.101763,3.2369123,7.0588236,1.4889797,60.784313,46.0,
0.06662832,0.8,2116.0,20.0,15.0,2.75,0.0,28.64673,1.9520851,10.588235,0.8979592,58.82353,46.0,
0.06662832,0.8,2059.0,20.0,15.0,0.0,0.0,29.177647,0.0,6.6666665,0.0,56.862743,46.0,
0.0672051,0.9,1526.0,20.0,15.0,2.02,0.0,29.350061,1.8845482,0.0,0.65959185,58.431374,35.0,
0.06802948,0.9,2548.0,20.0,15.0,2.51,0.0,29.074661,3.9028184,7.45098,0.8195919,56.862743,21.0,
0.06945907,0.9,2363.0,19.0,15.0,4.67,0.0,29.102272,5.082994,54.901962,1.5248982,52.54902,30.0,
0.0744082,1.0,2207.0,19.0,15.0,17.03,0.0,29.595192,11.831524,62.7451,5.5608163,0.0,47.0,
0.075456366,1.0,1824.0,19.0,15.0,2.41,0.0,30.601042,1.4307978,6.6666665,0.7869388,60.0,55.0,
0.078888655,1.1,1884.0,19.0,15.0,16.13,0.0,31.12269,9.080929,49.019608,5.2669387,60.0,58.0,
0.08167082,1.1,1877.0,19.0,15.0,14.32,0.0,31.579699,8.061928,42.7451,4.675918,60.0,58.0,
0.08492122,1.1,1892.0,19.0,15.0,15.52,0.0,32.056763,8.737509,43.92157,5.067755,60.39216,58.0,
0.08921966,1.2,1868.0,19.0,15.0,15.76,0.0,32.630527,9.028285,49.411766,5.1461225,60.39216,57.0,
0.09390754,1.2,1854.0,19.0,15.0,21.78,0.0,33.06323,12.476908,56.862743,7.1118374,60.39216,57.0,
0.10000827,1.3,1943.0,18.0,15.0,28.44,0.0,33.515533,15.739882,83.13725,9.2865305,57.64706,59.0,
0.101118535,1.3,2083.0,18.0,15.0,5.84,0.0,33.9791,2.979592,97.254906,1.9069389,57.2549,64.0,
0.10486866,1.3,1657.0,19.0,15.0,17.35,0.0,34.489536,8.852041,54.509804,5.665306,59.60784,64.0,
0.108194225,1.4,1724.0,19.0,15.0,15.36,0.0,35.01744,7.5992575,38.431374,5.01551,61.568626,66.0,
0.11208388,1.4,1741.0,19.0,15.0,16.5,0.0,35.59014,8.041426,42.35294,5.3877554,61.17647,67.0,
0.11303332,1.5,1750.0,19.0,15.0,4.4,0.0,36.1126,2.1128452,20.392157,1.4367347,60.784313,68.0,
0.113965884,1.5,1508.0,19.0,15.0,3.4,0.0,35.38742,2.1128452,9.411765,1.1102042,61.17647,0.0,
0.117710456,1.5,1441.0,19.0,15.0,14.44,0.0,35.7532,8.572912,62.35294,4.7151017,61.568626,55.0,
0.11961479,1.6,1498.0,19.0,15.0,8.1,0.0,36.122993,4.560169,68.23529,2.6448982,58.82353,58.0,
0.120194465,1.6,1390.0,19.0,15.0,2.75,0.0,36.399975,1.6326531,12.941176,0.8979592,58.431374,55.0,
0.122905396,1.6,1302.0,19.0,15.0,11.96,0.0,36.611397,7.810612,61.568626,3.905306,58.431374,50.0,
0.12643166,1.7,1367.0,19.0,15.0,14.03,0.0,36.872066,8.810047,66.27451,4.5812244,60.39216,52.0,
0.13023113,1.7,1454.0,19.0,14.0,16.57,0.0,37.163036,9.661807,65.4902,5.410612,61.568626,56.0,
0.13457099,1.8,1593.0,19.0,14.0,20.07,0.0,37.500153,10.743392,71.37255,6.553469,58.431374,61.0,
0.14191623,1.8,1772.0,18.0,14.0,25.22,0.0,38.052147,12.291198,79.60784,8.235103,58.82353,67.0,
0.15141653,1.8,1933.0,18.0,14.0,31.73,0.0,37.33485,12.291198,94.90196,10.360816,61.568626,0.0,
0.1539953,1.9,2020.0,18.0,14.0,13.5,0.0,37.818604,5.651492,39.215687,4.4081635,61.568626,78.0,
0.15473658,1.9,2099.0,18.0,14.0,3.21,0.0,38.43029,1.2940288,39.215687,1.0481633,60.784313,81.0,
0.15581764,2.0,2132.0,18.0,14.0,5.58,0.0,38.942673,2.2220008,12.941176,1.8220407,57.2549,82.0,
0.15768793,2.0,2124.0,18.0,14.0,8.43,0.0,39.52757,3.3164494,23.529411,2.752653,52.54902,83.0,
0.15989156,2.1,2103.0,18.0,14.0,11.63,0.0,40.003048,4.6311603,34.117645,3.7975512,53.333332,82.0,
0.16074407,2.1,2108.0,18.0,14.0,3.67,0.0,40.572666,1.4614236,25.882353,1.1983674,57.64706,82.0,
0.16512482,2.2,2027.0,18.0,14.0,14.99,0.0,41.200367,6.2752485,37.2549,4.894694,61.17647,78.0,
0.16844237,2.3,2061.0,18.0,14.0,12.0,0.0,41.806526,4.8979597,30.980392,3.9183676,57.64706,80.0,
0.1715858,2.3,2095.0,18.0,14.0,10.19,0.0,42.477627,4.1078353,34.509804,3.3273466,0.0,81.0,
0.17300315,2.4,2112.0,18.0,14.0,5.51,0.0,43.034164,2.1941266,16.078432,1.7991837,60.39216,82.0,
0.17445633,2.5,2100.0,18.0,14.0,6.31,0.0,43.519276,2.512693,10.588235,2.060408,60.784313,82.0,
0.17554276,2.5,2110.0,18.0,14.0,4.57,0.0,44.007557,1.819811,28.235294,1.492245,59.60784,82.0,
0.17853874,2.6,2094.0,18.0,14.0,12.67,0.0,44.46827,5.107584,21.960785,4.137143,54.509804,81.0,
0.17968702,2.6,2061.0,18.0,14.0,4.34,0.0,44.957127,1.7714286,12.54902,1.4171429,56.862743,80.0,
0.18140356,2.7,1990.0,18.0,14.0,6.49,0.0,45.391575,2.7521863,19.607843,2.1191835,59.60784,77.0,
0.18260035,2.8,1974.0,18.0,14.0,5.04,0.0,45.76008,2.1654136,14.509804,1.6457144,56.862743,76.0,
0.18318433,2.8,1985.0,18.0,14.0,3.06,0.0,46.049644,1.3147153,11.372549,0.99918365,47.843136,76.0,
0.18360756,2.9,1908.0,19.0,14.0,2.12,0.0,46.327217,0.9354661,6.27451,0.6922449,42.35294,74.0,
0.18411359,2.9,1779.0,19.0,14.0,1.95,0.0,46.640804,0.89680946,6.27451,0.6367347,49.411766,71.0,
0.18455179,3.0,1623.0,19.0,14.0,1.83,0.0,46.83078,0.9484937,7.0588236,0.59755105,52.941177,63.0,
0.18497948,3.0,1544.0,19.0,14.0,2.18,0.0,46.9548,1.1863946,8.235294,0.71183676,56.862743,60.0,
0.18548837,3.0,1494.0,19.0,14.0,2.41,0.0,47.06567,1.356791,9.803922,0.7869388,56.47059,58.0,
0.18598983,3.1,1247.0,19.0,14.0,2.41,0.0,47.094437,1.5738776,14.509804,0.7869388,56.47059,50.0,
0.18645239,3.1,861.0,19.0,14.0,2.16,0.0,46.953827,2.1372914,25.490196,0.7053062,57.64706,33.0,
0.19139336,3.1,1924.0,19.0,14.0,19.68,0.0,46.74618,22.159042,56.47059,6.426122,61.17647,29.0,
0.19194752,3.1,2355.0,18.0,14.0,2.8,0.0,46.64897,2.5396824,6.6666665,0.9142857,62.7451,36.0,
0.19598904,3.1,1462.0,18.0,14.0,16.91,0.0,46.426376,21.237047,37.64706,5.5216327,61.960785,26.0,
0.20438877,3.2,2568.0,17.0,14.0,36.09,0.0,46.31799,32.73469,82.745094,11.78449,56.862743,36.0,
0.21570522,3.2,2199.0,17.0,14.0,34.21,0.0,46.29879,24.823584,78.43137,11.170612,52.941177,45.0,
0.22169995,3.3,0.0,17.0,14.0,23.28,0.0,46.429943,13.106263,65.882355,7.6016326,56.47059,58.0,
0.22595933,3.3,2114.0,17.0,0.0,18.43,0.0,46.615166,9.258399,56.862743,6.017959,58.431374,65.0,
0.23091994,3.4,1703.0,17.0,14.0,19.21,0.0,46.817425,9.650234,61.17647,6.272652,60.784313,65.0,
0.23196068,3.4,1831.0,17.0,14.0,4.42,0.0,47.047928,2.0618076,8.235294,1.4432653,60.39216,70.0,
0.23253703,3.5,1817.0,18.0,14.0,2.74,0.0,47.249996,1.2781341,5.882353,0.89469385,61.17647,70.0,
0.23432785,3.5,1815.0,18.0,14.0,9.3,0.0,47.431725,4.338193,19.607843,3.0367348,59.60784,70.0,
0.23491307,3.5,1838.0,18.0,14.0,3.09,0.0,47.61545,1.421098,16.470589,1.0089796,59.215687,71.0,
0.23530103,3.6,1818.0,18.0,14.0,2.01,0.0,47.799854,0.9244036,7.45098,0.65632653,58.039215,71.0,
0.2357634,3.6,1795.0,18.0,14.0,2.16,0.0,47.992485,1.0075803,6.27451,0.7053062,58.431374,70.0,
0.23612386,3.7,1671.0,18.0,14.0,1.76,0.0,48.13228,0.8841444,6.6666665,0.57469386,58.82353,65.0,
0.23668341,3.7,1453.0,19.0,14.0,2.91,0.0,48.207985,1.6382829,11.372549,0.9502041,59.215687,58.0,
0.23729083,3.7,1289.0,19.0,14.0,2.62,0.0,48.224392,1.7110204,13.333333,0.8555102,58.431374,50.0,
0.23786673,3.8,1247.0,19.0,14.0,2.46,0.0,48.222343,1.6734693,13.333333,0.8032653,58.82353,48.0,
0.2385587,3.8,1210.0,19.0,14.0,3.58,0.0,48.205685,2.5412598,18.431372,1.1689795,59.60784,46.0,
0.23898481,3.8,1143.0,19.0,14.0,2.18,0.0,48.181503,1.5818596,11.372549,0.71183676,60.39216,45.0,
0.23967882,3.9,1091.0,19.0,14.0,2.99,0.0,48.135536,2.2705266,17.647058,0.9763265,60.39216,43.0,
0.24165355,3.9,1075.0,18.0,14.0,9.3,0.0,48.07809,7.4066706,52.156864,3.0367348,56.07843,41.0,
0.243962,3.9,1057.0,18.0,14.0,7.71,0.0,47.99871,6.140369,56.07843,2.5175512,58.82353,41.0,
0.24560718,4.0,1068.0,18.0,14.0,6.0,0.0,47.927555,4.778497,45.098038,1.9591838,60.0,41.0,
0.24621244,4.0,1065.0,18.0,14.0,2.29,0.0,47.86031,1.823793,21.17647,0.7477551,60.784313,41.0,
0.24676827,4.0,1039.0,18.0,14.0,2.46,0.0,47.795635,2.0081632,18.431372,0.8032653,61.568626,40.0,
0.24807498,4.0,1036.0,18.0,14.0,6.12,0.0,47.735443,4.9959183,40.784313,1.9983673,56.862743,40.0,
0.24947062,4.1,1093.0,18.0,14.0,7.16,0.0,47.695316,5.5665693,50.588234,2.337959,51.372547,42.0,
0.25082818,4.1,1178.0,18.0,14.0,7.08,0.0,47.676884,5.1374154,41.960785,2.3118367,50.588234,45.0,
0.25259435,4.1,1251.0,18.0,14.0,8.92,0.0,47.679157,6.0680275,39.215687,2.9126532,52.941177,48.0,
0.25350377,4.2,1354.0,17.0,14.0,3.84,0.0,47.715057,2.4113028,55.294117,1.2538775,56.862743,52.0,
0.25470632,4.2,1368.0,18.0,14.0,5.7,0.0,47.753937,3.511744,27.058823,1.8612244,58.82353,53.0,
0.2571397,4.2,1391.0,18.0,14.0,9.82,0.0,47.798862,6.0500574,35.294117,3.2065306,61.17647,53.0,
0.26093936,4.3,1487.0,17.0,14.0,16.3,0.0,47.86435,9.504373,64.70588,5.3224487,62.7451,56.0,
0.26530042,4.3,1606.0,17.0,14.0,19.77,0.0,47.96288,10.582804,71.76471,6.4555106,63.92157,61.0,
0.2701825,4.4,1735.0,17.0,14.0,23.68,0.0,48.09545,11.540665,78.82353,7.7322454,62.7451,67.0,
0.27671134,4.4,1874.0,17.0,14.0,28.35,0.0,48.279976,12.857142,87.05882,9.257143,60.0,72.0,
0.28070697,4.5,1983.0,17.0,14.0,17.35,0.0,48.4924,7.45435,49.80392,5.665306,61.568626,76.0,
0.2833685,4.5,2056.0,17.0,14.0,9.86,0.0,48.763775,4.075433,30.980392,3.2195919,60.784313,79.0,
0.28419268,4.6,2077.0,18.0,14.0,2.66,0.0,49.079777,1.0857143,7.45098,0.86857146,52.54902,80.0,
0.2867673,4.7,2064.0,18.0,14.0,9.21,0.0,49.350243,3.8067684,28.235294,3.007347,49.80392,79.0,
0.28793663,4.7,2106.0,18.0,13.0,4.04,0.0,49.652805,1.6087607,15.686275,1.3191837,48.627453,82.0,
0.2898398,4.8,2089.0,18.0,13.0,7.78,0.0,49.89665,3.1363063,23.137255,2.5404081,52.941177,81.0,
0.29109582,4.9,2093.0,18.0,13.0,6.48,0.0,50.08694,2.6122448,20.784313,2.1159184,56.07843,81.0,
0.292144,4.9,2086.0,18.0,13.0,5.37,0.0,50.27658,2.164777,17.647058,1.7534693,58.431374,81.0,
0.29274398,5.0,2066.0,18.0,13.0,3.11,0.0,50.455544,1.2693877,10.196078,1.0155102,60.0,80.0,
0.2932472,5.0,2015.0,18.0,13.0,2.27,0.0,50.644886,0.9502879,7.0588236,0.7412245,60.39216,78.0,
0.29366705,5.1,1873.0,19.0,13.0,1.98,0.0,50.803932,0.8620409,7.0588236,0.6465306,60.39216,75.0,
0.29403508,5.1,1698.0,19.0,13.0,1.89,0.0,50.89447,0.93506503,6.27451,0.6171429,60.784313,66.0,
0.2944127,5.1,1613.0,19.0,13.0,1.95,0.0,50.96584,1.0106901,6.6666665,0.6367347,61.568626,63.0,
0.29506457,5.2,1413.0,19.0,13.0,2.79,0.0,51.00842,1.5982813,12.941176,0.91102034,61.960785,57.0,
0.295522,5.2,1044.0,19.0,13.0,2.09,0.0,50.9558,1.5870906,18.039215,0.682449,61.960785,43.0,
0.29619622,5.2,0.0,19.0,13.0,2.65,0.0,50.781822,3.090379,26.27451,0.86530614,61.568626,28.0,
0.29793498,5.2,1591.0,18.0,13.0,8.83,0.0,50.613976,13.105751,25.09804,2.8832653,61.568626,22.0,
0.30255866,5.3,1931.0,18.0,13.0,23.6,0.0,50.477695,28.541193,61.960785,7.7061224,0.0,27.0,
0.30318385,5.3,1799.0,0.0,13.0,1.94,0.0,50.369774,1.6242806,20.0,0.6334694,57.2549,39.0,
0.3038113,5.3,1668.0,18.0,13.0,2.0,0.0,50.375484,1.2805122,6.6666665,0.6530612,54.509804,51.0,
0.30427557,5.4,1872.0,18.0,13.0,2.18,0.0,50.41604,1.2488364,6.6666665,0.71183676,54.901962,57.0,
0.30476573,5.4,2039.0,18.0,13.0,2.11,0.0,50.492725,1.1112573,6.27451,0.68897957,57.64706,62.0,
0.30531603,5.5,2083.0,19.0,13.0,2.28,0.0,50.591965,1.145369,6.6666665,0.74448985,60.784313,65.0,
0.30568504,5.5,2038.0,19.0,14.0,1.93,0.0,50.6643,0.9846939,6.27451,0.6302041,62.7451,64.0,
0.30609417,5.5,1663.0,19.0,14.0,2.1,0.0,50.73714,1.0714285,6.27451,0.68571424,60.39216,64.0,
0.30661526,5.6,1551.0,19.0,14.0,2.45,0.0,50.797977,1.3114754,9.019608,0.8,53.72549,61.0,
0.30873805,5.6,1557.0,18.0,14.0,10.59,0.0,50.843517,5.860948,38.431374,3.4579594,44.705883,59.0,
0.31130153,5.7,1711.0,18.0,13.0,11.04,0.0,50.93407,5.545997,37.64706,3.6048982,45.490196,65.0,
0.31226042,5.7,1839.0,18.0,13.0,5.02,0.0,51.039062,2.3087096,15.294118,1.6391838,49.411766,71.0,
0.313066,5.8,1930.0,18.0,13.0,3.71,0.0,51.174763,1.6370658,15.294118,1.2114286,47.45098,74.0,
0.31351322,5.8,2000.0,18.0,13.0,2.29,0.0,51.31131,0.9711105,7.0588236,0.7477551,51.764706,77.0,
0.31407732,5.9,2003.0,19.0,13.0,2.08,0.0,51.506123,0.87074834,5.882353,0.67918366,50.980392,78.0,
0.3145358,5.9,1939.0,19.0,13.0,1.93,0.0,51.655174,0.8402721,6.27451,0.6302041,45.882355,75.0,
0.31503737,6.0,1989.0,19.0,13.0,2.16,0.0,51.811443,0.915982,5.882353,0.7053062,44.705883,77.0,
0.31549132,6.0,1949.0,19.0,13.0,2.15,0.0,51.94073,0.93605447,6.6666665,0.70204085,49.80392,75.0,
0.31602558,6.1,1989.0,19.0,13.0,2.38,0.0,52.088287,1.0092765,6.6666665,0.7771429,57.64706,77.0,
0.3184114,6.1,2105.0,18.0,13.0,8.73,0.0,52.294346,3.5192745,25.09804,2.8506124,58.039215,81.0,
0.31949827,6.2,2257.0,18.0,13.0,4.74,0.0,52.49457,1.799715,12.54902,1.547755,57.2549,86.0,
0.32027346,6.3,2335.0,18.0,13.0,3.31,0.0,52.720577,1.200907,7.8431373,1.0808163,56.07843,90.0,
0.320925,6.3,2378.0,19.0,13.0,2.95,0.0,52.943073,1.0470275,7.45098,0.9632653,58.039215,92.0,
0.32143906,6.4,2277.0,19.0,13.0,2.42,0.0,53.1432,0.8780046,6.6666665,0.7902041,59.60784,90.0,
0.32193482,6.4,2135.0,19.0,13.0,2.49,0.0,53.299007,0.96792996,6.6666665,0.8130612,60.39216,84.0,
0.32222888,6.5,1852.0,19.0,13.0,1.53,0.0,53.399334,0.6751241,5.490196,0.49959183,49.80392,74.0,
0.322693,6.5,1835.0,19.0,13.0,2.16,0.0,53.494186,0.993389,5.098039,0.7053062,40.0,71.0,
0.32332453,6.6,1572.0,19.0,13.0,2.6,0.0,53.55174,1.3475866,9.411765,0.8489796,44.313725,63.0,
0.32396078,6.6,1335.0,19.0,13.0,2.7,0.0,53.54268,1.6954473,13.333333,0.8816326,47.843136,52.0,
0.32450488,6.7,1290.0,19.0,13.0,2.53,0.0,53.529198,1.619848,14.117647,0.82612246,50.980392,51.0,
0.32494992,6.7,940.0,19.0,13.0,2.26,0.0,53.449318,1.9944842,21.960785,0.73795915,55.294117,37.0,
0.32539827,6.7,822.0,19.0,13.0,2.03,0.0,53.22613,5.5238094,25.09804,0.6628572,58.82353,12.0,
0.32582194,6.7,792.0,19.0,13.0,2.01,0.0,52.95366,5.5238094,25.882353,0.65632653,60.0,0.0,
0.32630768,6.7,775.0,19.0,13.0,2.07,0.0,52.653736,5.5238094,27.058823,0.6759184,60.784313,0.0,
0.32686058,6.7,775.0,19.0,14.0,2.16,0.0,52.34259,35.26531,28.235294,0.7053062,60.784313,2.0,
0.32927462,6.7,1543.0,19.0,14.0,7.26,0.0,51.952324,79.02041,19.215687,2.3706124,60.39216,3.0,
0.33054137,6.7,2332.0,18.0,14.0,4.97,0.0,51.741516,9.546218,30.980392,1.6228571,56.07843,17.0,
0.33054137,6.7,1978.0,18.0,14.0,0.0,0.0,51.565884,0.0,71.76471,0.0,53.333332,27.0,
0.3312243,6.8,1912.0,18.0,14.0,2.48,0.0,51.497963,1.9751122,7.45098,0.809796,56.47059,41.0,
0.33149487,6.8,1356.0,18.0,14.0,1.39,0.0,51.4234,1.2967931,14.90196,0.45387757,58.431374,35.0,
0.3318576,6.8,844.0,19.0,14.0,1.86,0.0,51.268223,3.572629,21.960785,0.60734695,59.215687,17.0,
0.33380726,6.8,783.0,19.0,14.0,8.38,0.0,51.015167,68.40817,23.921568,2.736327,60.0,4.0,
0.3380077,6.8,1448.0,18.0,14.0,21.39,0.0,50.82623,77.60544,62.7451,6.9844894,56.07843,9.0,
0.34305298,6.8,1623.0,18.0,14.0,21.46,0.0,50.67181,31.851578,65.882355,7.007347,45.098038,22.0,
0.35174283,6.8,2548.0,17.0,14.0,41.8,0.0,50.6027,37.91383,96.07843,13.648979,47.058823,36.0,
0.35861337,6.9,2177.0,17.0,14.0,29.74,0.0,50.578716,21.110914,73.72549,9.71102,50.980392,46.0,
0.35965866,6.9,2465.0,17.0,14.0,4.76,0.0,50.615303,2.679803,14.90196,1.5542858,52.941177,58.0,
0.36710873,7.0,2014.0,17.0,14.0,31.96,0.0,50.66932,17.10806,85.882355,10.435918,54.509804,61.0,
0.367689,7.0,2335.0,18.0,14.0,2.21,0.0,50.78784,1.016384,18.039215,0.72163266,56.07843,71.0,
0.37304688,7.1,1940.0,17.0,14.0,27.36,0.0,50.88833,12.072808,79.60784,8.933878,52.54902,74.0,
0.37570572,7.1,2041.0,17.0,14.0,13.73,0.0,51.01231,5.6040816,10.588235,4.4832654,51.372547,80.0,
0.37861037,7.1,2090.0,17.0,14.0,14.71,0.0,51.14215,5.9299574,42.35294,4.8032656,54.509804,81.0,
0.38225397,7.2,2121.0,17.0,14.0,16.62,0.0,51.289536,6.618219,41.17647,5.4269395,56.862743,82.0,
0.38472578,7.3,2146.0,17.0,14.0,12.64,0.0,51.42416,4.9727077,35.294117,4.1273475,58.82353,83.0,
0.38598806,7.3,2160.0,17.0,14.0,5.96,0.0,51.573265,2.3168123,13.333333,1.9461224,56.862743,84.0,
0.38717481,7.4,2167.0,18.0,14.0,5.19,0.0,51.732723,2.0174925,9.019608,1.6946938,56.07843,84.0,
0.38797787,7.4,2188.0,18.0,14.0,3.54,0.0,51.894222,1.359904,9.411765,1.1559184,57.64706,85.0,
0.38867727,7.5,2154.0,18.0,14.0,3.61,0.0,52.026794,1.4033041,10.196078,1.1787754,60.39216,84.0,
0.38935077,7.5,2098.0,18.0,14.0,3.4,0.0,52.152756,1.3539076,9.803922,1.1102042,62.35294,82.0,
0.39009753,7.6,2059.0,18.0,14.0,3.52,0.0,52.277733,1.4367347,9.803922,1.1493877,62.35294,80.0,
0.3906522,7.6,2018.0,18.0,14.0,1.95,0.0,52.43716,0.8059933,6.27451,0.6367347,60.39216,79.0,
0.39113006,7.7,1687.0,19.0,14.0,2.42,0.0,52.493137,1.197279,6.6666665,0.7902041,58.82353,66.0,
0.3916716,7.7,1441.0,19.0,14.0,2.72,0.0,52.511852,1.5581813,11.764706,0.8881633,59.215687,57.0,
0.39409915,7.8,1293.0,18.0,14.0,8.83,0.0,52.49755,5.7665305,42.35294,2.8832653,59.60784,50.0,
0.3947579,7.8,1302.0,18.0,14.0,2.57,0.0,52.48437,1.6783674,11.764706,0.8391837,61.568626,50.0,
0.3952402,7.8,1305.0,19.0,14.0,2.56,0.0,52.47477,1.6718367,12.54902,0.83591837,0.0,50.0,
0.39610144,7.9,1378.0,19.0,15.0,2.68,0.0,52.47166,1.6828885,12.156863,0.87510204,60.784313,52.0,
0.39679995,7.9,1435.0,19.0,15.0,2.52,0.0,52.48587,1.496104,10.588235,0.8228572,60.784313,55.0,
0.39739695,8.0,1416.0,19.0,15.0,2.73,0.0,52.501366,1.5918368,10.980392,0.89142865,60.784313,56.0,
0.39793575,8.0,1383.0,19.0,15.0,2.74,0.0,52.5073,1.6568404,12.54902,0.89469385,61.17647,54.0,
0.39846233,8.0,1330.0,19.0,15.0,2.64,0.0,52.505272,1.6577709,12.941176,0.8620409,60.39216,52.0,
0.39939636,8.1,1295.0,18.0,15.0,4.92,0.0,52.495785,3.213061,24.705883,1.6065305,60.0,50.0,
0.40002218,8.1,1284.0,18.0,15.0,2.96,0.0,52.48532,1.9330614,12.156863,0.9665307,60.39216,50.0,
0.4006433,8.1,1266.0,18.0,15.0,2.76,0.0,52.46981,1.8392338,16.470589,0.90122455,58.82353,49.0,
0.40115032,8.2,1222.0,18.0,15.0,2.49,0.0,52.44788,1.7299174,13.725491,0.8130612,58.431374,47.0,
0.4019958,8.2,1217.0,18.0,15.0,3.46,0.0,52.41218,2.5106578,27.450981,1.1297959,58.82353,45.0,
0.4025164,8.2,1172.0,18.0,15.0,2.21,0.0,52.378086,1.6036282,11.764706,0.72163266,60.0,45.0,
0.40315914,8.3,974.0,18.0,15.0,2.47,0.0,52.310555,2.0680275,23.921568,0.80653065,60.784313,39.0,
0.40359274,8.3,838.0,18.0,15.0,2.05,0.0,52.20297,2.5745683,24.313726,0.66938776,59.60784,26.0,
0.40629622,8.3,1673.0,18.0,15.0,11.73,0.0,52.077866,15.959182,32.941177,3.8302038,60.39216,24.0,
0.4140187,8.3,2223.0,17.0,15.0,30.56,0.0,51.975883,32.189598,73.333336,9.978775,56.07843,31.0,
0.42371204,8.4,2030.0,17.0,15.0,31.23,0.0,51.922817,23.715233,84.31373,10.197551,52.156864,43.0,
0.42688552,8.4,1711.0,18.0,15.0,12.64,0.0,51.92318,7.9372063,42.7451,4.1273475,53.72549,52.0,
0.42733124,8.4,1889.0,18.0,15.0,1.95,0.0,51.94939,1.0978185,7.0588236,0.6367347,54.901962,58.0,
0.42776716,8.5,1943.0,18.0,15.0,2.06,0.0,51.98138,1.1210884,5.490196,0.672653,54.901962,60.0,
0.42826775,8.5,2000.0,19.0,15.0,2.26,0.0,52.022892,1.1902567,5.882353,0.73795915,58.039215,62.0,
0.42886007,8.6,2091.0,18.0,15.0,2.81,0.0,52.073933,1.411617,9.411765,0.91755104,60.39216,65.0,
0.43401685,8.6,2267.0,18.0,15.0,26.37,0.0,52.135406,12.479149,66.666664,8.610613,61.17647,69.0,
0.43823737,8.6,1794.0,18.0,15.0,19.65,0.0,52.234203,8.3328905,50.19608,6.416326,60.39216,77.0,
0.43977505,8.7,2169.0,18.0,15.0,5.71,0.0,52.386673,2.2463734,32.54902,1.8644899,59.60784,83.0,
0.44192836,8.8,2286.0,18.0,15.0,9.03,0.0,52.542377,3.350649,24.313726,2.9485712,59.60784,88.0,
0.44256607,8.8,2255.0,18.0,15.0,2.74,0.0,52.69298,1.0166975,7.45098,0.89469385,58.82353,88.0,
0.44305006,8.9,2213.0,18.0,15.0,2.44,0.0,52.81301,0.92643565,6.6666665,0.7967347,54.509804,86.0,
0.443503,8.9,2225.0,19.0,15.0,2.38,0.0,52.927505,0.90365446,6.6666665,0.7771429,55.294117,86.0,
0.44395447,9.0,1999.0,19.0,15.0,2.05,0.0,53.03114,0.8473263,7.45098,0.66938776,58.431374,79.0,
0.4445778,9.0,1545.0,19.0,15.0,2.49,0.0,53.080494,1.270408,8.627451,0.8130612,59.215687,64.0,
0.44660503,9.1,1382.0,19.0,15.0,6.0,0.0,53.092075,3.5621524,0.0,1.9591838,43.52941,55.0,
0.44718036,9.1,1325.0,19.0,15.0,2.72,0.0,53.08796,1.7080064,12.156863,0.8881633,45.098038,52.0,
0.44799212,9.2,1319.0,19.0,15.0,2.69,0.0,53.082138,1.689168,12.941176,0.87836736,55.686275,52.0,
0.4485456,9.2,1310.0,19.0,15.0,2.59,0.0,53.070534,1.6914285,12.941176,0.8457143,58.82353,50.0,
0.45010984,9.3,1394.0,18.0,15.0,7.73,0.0,53.070282,4.7624183,35.686275,2.5240817,60.0,53.0,
0.4516877,9.3,1491.0,18.0,15.0,8.19,0.0,53.083546,4.691729,30.980392,2.6742857,60.0,57.0,
0.45355803,9.3,1605.0,18.0,15.0,7.15,0.0,53.119625,3.827367,25.490196,2.334694,56.47059,61.0,
0.45470312,9.4,1653.0,18.0,15.0,5.47,0.0,53.15922,2.7908163,18.039215,1.7861224,55.686275,64.0,
0.45515212,9.4,1691.0,18.0,15.0,2.11,0.0,53.20282,1.0599686,7.45098,0.68897957,56.47059,65.0,
0.45560184,9.5,1738.0,19.0,15.0,2.14,0.0,53.25281,1.0429485,6.6666665,0.69877553,58.039215,67.0,
0.45620805,9.5,0.0,19.0,16.0,1.88,0.0,53.339836,0.8896776,5.490196,0.61387753,60.0,69.0,
0.45678473,9.6,1854.0,19.0,15.0,2.17,0.0,53.419952,0.9979879,6.27451,0.70857143,62.35294,71.0,
0.45727444,9.6,1901.0,19.0,15.0,2.22,0.0,53.493393,0.9930109,7.45098,0.7248979,61.960785,73.0,
0.45776215,9.7,1884.0,19.0,16.0,1.99,0.0,53.57434,0.89013153,6.27451,0.649796,61.568626,73.0,
0.45834646,9.7,1717.0,19.0,16.0,2.21,0.0,53.629692,1.0933828,7.45098,0.72163266,61.17647,66.0,
0.45887992,9.8,1753.0,19.0,16.0,2.27,0.0,53.682453,1.1063052,7.0588236,0.7412245,61.17647,67.0,
0.45934692,9.8,1781.0,19.0,16.0,2.19,0.0,53.73707,1.0363799,7.45098,0.71510214,61.568626,69.0,
0.45975697,9.9,1741.0,19.0,16.0,2.16,0.0,53.782272,1.037215,7.0588236,0.7053062,61.568626,68.0,
0.46047518,9.9,1485.0,19.0,16.0,2.8,0.0,53.80023,1.5763546,10.588235,0.9142857,61.960785,58.0,
0.46102384,10.0,1299.0,19.0,16.0,2.82,0.0,53.7912,1.8055222,13.333333,0.9208163,61.960785,51.0,
0.46199194,10.0,1314.0,19.0,16.0,4.99,0.0,53.782272,3.1948779,31.764706,1.6293877,61.568626,51.0,
0.4625039,10.0,1322.0,19.0,16.0,2.67,0.0,53.773506,1.709484,13.725491,0.87183684,61.17647,51.0,
0.4630735,10.0,1300.0,19.0,16.0,2.67,0.0,53.76032,1.7436737,13.725491,0.87183684,61.568626,50.0,
0.46447787,10.1,1302.0,19.0,16.0,5.93,0.0,53.745773,3.872653,41.17647,1.9363265,61.568626,50.0,
0.465614,10.1,1348.0,19.0,16.0,4.3,0.0,53.73827,2.700157,20.784313,1.4040817,61.568626,52.0,
0.46627125,10.2,1341.0,19.0,16.0,2.88,0.0,53.731842,1.8084773,13.725491,0.94040823,61.568626,52.0,
0.46678257,10.2,1273.0,19.0,16.0,2.58,0.0,53.716698,1.7192836,12.941176,0.84244895,60.784313,49.0,
0.46777523,10.2,1247.0,19.0,16.0,3.58,0.0,53.69119,2.435374,30.19608,1.1689795,60.784313,48.0,
0.4700353,10.3,1250.0,19.0,16.0,7.56,0.0,53.664005,5.1428576,38.431374,2.4685717,62.7451,48.0,
0.47143567,10.3,1319.0,19.0,16.0,5.61,0.0,53.649437,3.6636734,34.117645,1.8318367,63.137257,50.0,
0.4719081,10.3,1355.0,19.0,16.0,2.45,0.0,53.64438,1.5384616,10.196078,0.8,62.35294,52.0,
0.47385842,10.4,1366.0,19.0,16.0,7.55,0.0,53.641747,4.651521,35.294117,2.4653063,61.568626,53.0,
0.4744899,10.4,1389.0,19.0,16.0,2.95,0.0,53.64295,1.7838246,12.156863,0.9632653,60.784313,54.0,
0.4754738,10.5,1412.0,19.0,16.0,4.55,0.0,53.64416,2.7513227,12.941176,1.4857143,60.0,54.0,
0.47948447,10.5,1504.0,19.0,16.0,16.73,0.0,53.656754,9.58396,56.47059,5.4628572,57.64706,57.0,
0.48517343,10.5,1643.0,18.0,16.0,23.11,0.0,53.69259,11.977972,76.86275,7.5461226,54.901962,63.0,
0.48752037,10.6,1802.0,18.0,16.0,11.02,0.0,53.743248,5.2150254,32.54902,3.5983675,50.588234,69.0,
0.49087846,10.6,1827.0,18.0,16.0,16.09,0.0,53.79584,7.5055404,51.372547,5.253878,42.35294,70.0,
0.4927582,10.7,1839.0,18.0,16.0,8.61,0.0,53.853786,3.9597583,25.490196,2.8114283,39.215687,71.0,
0.4932279,10.7,1801.0,19.0,16.0,1.96,0.0,53.917004,0.90140855,8.627451,0.64000005,43.52941,71.0,
0.495705,10.8,1777.0,19.0,16.0,10.61,0.0,53.971012,5.0209994,34.901962,3.4644897,50.980392,69.0,
0.49640214,10.8,1815.0,19.0,0.0,3.02,0.0,54.027485,1.4087465,34.901962,0.9861225,56.07843,70.0,
0.49708885,10.9,0.0,19.0,16.0,2.02,0.0,54.089336,0.9993816,6.27451,0.65959185,59.60784,66.0,
0.49789497,11.0,1475.0,19.0,16.0,2.4,0.0,54.10412,1.3748658,16.078432,0.7836735,0.0,57.0,
0.49862245,11.0,1352.0,19.0,16.0,2.76,0.0,54.09973,1.7004236,12.941176,0.90122455,58.039215,53.0,
0.5002219,11.0,1349.0,19.0,16.0,6.28,0.0,54.087902,4.020808,38.82353,2.0506122,53.333332,51.0,
0.5007594,11.1,1432.0,19.0,16.0,2.75,0.0,54.090565,1.6326531,11.372549,0.8979592,49.80392,55.0,
0.5013754,11.1,1427.0,19.0,16.0,2.68,0.0,54.097103,1.5626822,11.764706,0.87510204,51.372547,56.0,
0.5019601,11.2,1452.0,19.0,16.0,2.53,0.0,54.103626,1.4752187,10.196078,0.82612246,56.07843,56.0,
0.5025465,11.2,1457.0,19.0,16.0,2.79,0.0,54.10952,1.626822,10.588235,0.91102034,59.215687,56.0,
0.50313216,11.2,1316.0,19.0,16.0,2.72,0.0,54.099644,1.7414967,12.54902,0.8881633,58.82353,51.0,
0.50376,11.3,1323.0,19.0,16.0,2.65,0.0,54.088852,1.6966788,12.941176,0.86530614,58.82353,51.0,
0.50436646,11.3,1291.0,19.0,16.0,2.55,0.0,54.074596,1.665306,13.333333,0.832653,59.60784,50.0,
0.5050654,11.3,1288.0,19.0,16.0,2.64,0.0,54.05885,1.7240818,12.941176,0.8620409,60.0,50.0,
0.5057623,11.4,1262.0,19.0,16.0,2.53,0.0,54.03858,1.6859642,13.725491,0.82612246,0.0,49.0,
0.5067273,11.4,1221.0,19.0,16.0,2.74,0.0,53.99253,1.9882087,15.294118,0.89469385,59.60784,45.0,
0.50820756,11.5,1212.0,19.0,16.0,7.5,0.0,53.97264,5.210594,40.0,2.4489794,60.0,47.0,
0.50864214,11.5,1249.0,19.0,16.0,2.21,0.0,53.955738,1.5034013,10.196078,0.72163266,58.431374,48.0,
0.5091208,11.5,1235.0,19.0,16.0,2.44,0.0,53.93898,1.6598638,13.333333,0.7967347,55.294117,48.0,
0.5097288,11.5,921.0,19.0,16.0,2.45,0.0,53.87888,2.1621623,31.37255,0.8,54.117645,37.0,
0.5101305,11.6,848.0,19.0,16.0,1.9,0.0,53.79491,2.3861852,22.352942,0.6204082,54.117645,26.0,
0.5107385,11.6,883.0,19.0,16.0,2.58,0.0,53.68846,3.8293133,11.764706,0.84244895,49.019608,22.0,
0.51217264,11.6,1589.0,19.0,16.0,6.76,0.0,53.596306,9.59716,18.431372,2.207347,51.372547,23.0,
0.51254183,11.6,1937.0,19.0,16.0,1.73,0.0,53.51621,2.0922146,5.098039,0.56489795,50.980392,27.0,
0.51302826,11.6,1619.0,19.0,16.0,2.04,0.0,53.454037,1.9032072,10.980392,0.6661225,51.372547,35.0,
0.5138296,11.7,1717.0,19.0,16.0,3.79,0.0,53.408173,3.2567134,9.019608,1.2375511,53.333332,38.0,
0.5144094,11.7,1832.0,19.0,16.0,3.01,0.0,53.37204,2.4571428,9.803922,0.98285717,52.941177,40.0,
0.5152199,11.7,1880.0,19.0,16.0,3.19,0.0,53.328266,2.5405674,14.509804,1.0416327,53.72549,41.0,
0.5158794,11.8,0.0,19.0,16.0,2.16,0.0,53.280235,1.6793004,7.8431373,0.7053062,54.901962,42.0,
0.51672393,11.8,2021.0,19.0,16.0,3.37,0.0,53.248062,2.5009274,10.588235,1.1004081,56.47059,44.0,
0.5172695,11.8,2060.0,19.0,16.0,2.54,0.0,53.22659,1.8030169,7.0588236,0.8293878,58.431374,46.0,
0.51779246,11.8,2050.0,19.0,16.0,2.46,0.0,53.20254,1.7850341,5.882353,0.8032653,59.215687,45.0,
0.51836157,11.9,2029.0,19.0,16.0,2.35,0.0,53.175297,1.7052153,8.235294,0.76734686,60.0,45.0,
0.51922727,11.9,2078.0,19.0,16.0,3.91,0.0,53.153606,2.7755105,10.196078,1.2767348,60.39216,46.0,
0.5198389,11.9,2082.0,19.0,16.0,3.16,0.0,53.13473,2.2431235,9.019608,1.0318369,60.39216,46.0,
0.52055794,12.0,2067.0,19.0,16.0,3.46,0.0,53.1146,2.456078,9.411765,1.1297959,59.60784,46.0,
0.5211509,12.0,2048.0,19.0,16.0,2.48,0.0,53.08827,1.7995467,7.0588236,0.809796,59.60784,45.0,
0.5216451,12.0,2023.0,19.0,16.0,2.59,0.0,53.06744,1.8793651,7.45098,0.8457143,59.215687,45.0,
0.522232,12.1,2019.0,19.0,16.0,2.59,0.0,53.039764,1.9220779,7.8431373,0.8457143,60.0,44.0,
0.5246497,12.1,1833.0,19.0,16.0,11.19,0.0,53.01354,8.304266,7.0588236,3.6538773,60.39216,44.0,
0.5251753,12.1,1515.0,19.0,16.0,2.49,0.0,52.993694,1.7675242,36.07843,0.8130612,60.0,46.0,
0.525806,12.1,1492.0,19.0,16.0,2.82,0.0,52.975796,1.9591836,10.196078,0.9208163,60.0,47.0,
0.526224,12.2,936.0,20.0,16.0,2.17,0.0,52.9271,2.0840335,20.784313,0.70857143,60.39216,34.0,
0.5267706,12.2,797.0,20.0,16.0,2.01,0.0,52.779346,5.4693875,24.313726,0.65632653,59.60784,12.0,
0.5272319,12.2,779.0,20.0,16.0,2.01,0.0,52.62516,32.816326,26.666666,0.65632653,59.60784,2.0,
0.52774143,12.2,783.0,20.0,16.0,2.08,0.0,52.455193,32.816326,26.666666,0.67918366,59.60784,0.0,
0.5281483,12.2,785.0,20.0,16.0,2.1,0.0,52.32157,32.816326,27.058823,0.68571424,59.60784,0.0,
0.5293304,12.2,780.0,20.0,16.0,5.61,0.0,52.176884,32.816326,100.0,1.8318367,59.215687,0.0,
0.5298575,12.2,873.0,20.0,16.0,2.37,0.0,52.030857,38.693874,25.490196,0.7738775,59.215687,2.0,
0.5304163,12.2,787.0,20.0,16.0,2.16,0.0,51.85552,38.693874,28.235294,0.7053062,58.82353,0.0,
0.5308196,12.2,792.0,20.0,16.0,2.11,0.0,51.72671,38.693874,27.450981,0.68897957,59.215687,0.0,
0.5312756,12.2,788.0,20.0,16.0,2.14,0.0,51.583733,38.693874,27.450981,0.69877553,59.60784,0.0,
0.5328811,12.2,794.0,20.0,16.0,7.86,0.0,51.4474,38.693874,27.450981,2.5665307,58.039215,0.0,
0.5354682,12.2,1792.0,20.0,16.0,8.55,0.0,51.30133,19.941692,18.039215,2.791837,53.333332,14.0,
0.5363501,12.2,1390.0,20.0,16.0,4.47,0.0,51.22212,7.297959,12.156863,1.4595917,55.294117,20.0,
0.5369906,12.2,1437.0,20.0,16.0,2.68,0.0,51.129505,4.1671524,11.372549,0.87510204,60.0,21.0,
0.53754497,12.2,1353.0,20.0,16.0,2.35,0.0,51.03574,3.8367343,14.117647,0.76734686,61.568626,20.0,
0.5381106,12.2,841.0,21.0,16.0,2.22,0.0,50.915558,5.177842,26.27451,0.7248979,60.39216,14.0,
0.54090494,12.2,1899.0,20.0,16.0,12.89,0.0,50.783688,140.29932,45.490196,4.2089796,56.47059,3.0,
0.54325753,12.3,1477.0,20.0,16.0,10.63,0.0,50.68626,21.693878,50.19608,3.4710205,52.54902,16.0,
0.5446005,12.3,1442.0,20.0,17.0,6.88,0.0,50.61301,10.697765,13.725491,2.2465308,48.627453,21.0,
0.5478998,12.3,1777.0,20.0,17.0,15.29,0.0,50.54346,19.970613,41.17647,4.9926534,52.941177,25.0,
0.5484768,12.3,1486.0,20.0,17.0,2.38,0.0,50.487034,2.4285715,12.54902,0.7771429,56.07843,32.0,
0.5491358,12.3,1584.0,20.0,17.0,3.37,0.0,50.446594,3.2364943,21.960785,1.1004081,58.039215,34.0,
0.55046993,12.4,1693.0,20.0,17.0,6.34,0.0,50.411293,5.595146,20.784313,2.070204,58.039215,37.0,
0.5515128,12.4,1831.0,20.0,17.0,5.48,0.0,50.386574,4.4734693,17.647058,1.7893877,58.431374,40.0,
0.5546579,12.4,1822.0,20.0,17.0,9.74,0.0,50.184666,4.4734693,12.54902,3.1804082,60.0,0.0,
0.5559689,12.4,1849.0,20.0,17.0,5.97,0.0,50.15971,4.7546043,10.588235,1.9493877,0.0,41.0,
0.5571047,12.4,1896.0,20.0,17.0,4.38,0.0,50.13358,3.4052482,22.745098,1.4302043,54.901962,42.0,
0.56009644,12.5,1934.0,20.0,17.0,12.76,0.0,50.11012,9.920311,31.37255,4.1665306,52.941177,42.0,
0.5617123,12.5,1455.0,20.0,17.0,5.5,0.0,50.091698,3.9909298,24.313726,1.7959183,0.0,45.0,
0.56289685,12.5,1453.0,20.0,17.0,4.6,0.0,50.07568,3.3378685,14.117647,1.5020407,56.07843,45.0,
0.56438756,12.6,1456.0,20.0,17.0,6.97,0.0,50.062443,5.057596,29.411764,2.2759182,57.2549,45.0,
0.5655538,12.6,1469.0,20.0,17.0,5.86,0.0,50.05018,4.2521544,24.313726,1.9134694,58.039215,45.0,
0.5670624,12.6,1462.0,20.0,17.0,6.85,0.0,50.03669,4.9705215,27.450981,2.2367346,57.64706,45.0,
0.56813836,12.7,1463.0,20.0,17.0,5.1,0.0,50.02383,3.70068,25.09804,1.665306,57.2549,45.0,
0.5690835,12.7,1437.0,20.0,17.0,4.92,0.0,50.012177,3.5700681,18.431372,1.6065305,58.431374,45.0,
0.5696461,12.7,1413.0,20.0,17.0,2.79,0.0,49.99516,2.1186519,12.54902,0.91102034,59.60784,43.0,
0.57032174,12.7,1382.0,20.0,17.0,3.45,0.0,49.978725,2.6198387,13.333333,1.1265306,60.0,43.0,
0.5712686,12.8,1412.0,20.0,17.0,4.0,0.0,49.958927,3.037494,18.039215,1.3061224,60.784313,43.0,
0.5717688,12.8,1480.0,20.0,16.0,2.56,0.0,49.947353,1.8575965,18.039215,0.83591837,60.39216,45.0,
0.5722424,12.8,1521.0,20.0,16.0,2.45,0.0,49.94056,1.7021277,9.411765,0.8,60.0,47.0,
0.5726803,12.9,1549.0,21.0,16.0,2.25,0.0,49.93607,1.5306121,7.8431373,0.7346938,0.0,48.0,
0.57338727,12.9,1536.0,21.0,16.0,2.48,0.0,49.92953,1.6870749,8.627451,0.809796,61.17647,48.0,
0.5741105,12.9,1523.0,21.0,16.0,3.7,0.0,49.922756,2.5705605,10.980392,1.2081634,61.568626,47.0,
0.5745728,13.0,1516.0,21.0,16.0,2.18,0.0,49.91545,1.5145463,9.803922,0.71183676,57.64706,47.0,
0.57608277,13.0,1508.0,21.0,16.0,7.79,0.0,49.90651,5.5297246,28.62745,2.5436733,57.64706,46.0,
0.5782134,13.0,1567.0,20.0,16.0,9.23,0.0,49.901344,6.278911,33.72549,3.0138774,58.82353,48.0,
0.57912517,13.1,1622.0,20.0,16.0,3.5,0.0,49.90165,2.2857144,24.705883,1.1428572,60.0,50.0,
0.5803345,13.1,1593.0,21.0,16.0,6.28,0.0,49.899628,4.1849227,16.470589,2.0506122,59.215687,49.0,
0.5811307,13.1,1584.0,21.0,16.0,4.01,0.0,49.897552,2.67222,13.333333,1.3093878,58.82353,49.0,
0.581677,13.1,1563.0,21.0,16.0,2.79,0.0,49.893234,1.897959,10.196078,0.91102034,59.215687,48.0,
0.5826686,13.2,1530.0,21.0,16.0,4.11,0.0,49.885143,2.855406,15.686275,1.3420409,60.0,47.0,
0.5834131,13.2,1540.0,21.0,16.0,3.27,0.0,49.88018,2.2244897,11.764706,1.0677551,59.60784,48.0,
0.58452475,13.2,1533.0,21.0,16.0,5.85,0.0,49.873863,4.064264,22.352942,1.910204,59.215687,47.0,
0.5856102,13.3,1547.0,21.0,16.0,5.6,0.0,49.869686,3.8095236,20.392157,1.8285714,59.215687,48.0,
0.5873098,13.3,1539.0,21.0,16.0,7.83,0.0,49.865025,5.32653,27.843138,2.5567346,59.60784,48.0,
0.5873098,13.4,1600.0,21.0,16.0,0.0,0.0,49.861744,0.0,41.17647,0.0,59.215687,49.0,
0.58784866,13.4,1741.0,21.0,16.0,2.34,0.0,49.872612,1.4149659,7.45098,0.7640816,59.215687,54.0,
0.5906867,13.4,1739.0,21.0,16.0,12.28,0.0,49.880833,7.565652,36.862743,4.0097957,61.17647,53.0,
0.5911697,13.5,1886.0,21.0,16.0,2.27,0.0,49.900448,1.2779733,5.882353,0.7412245,61.960785,58.0,
0.5924838,13.5,1951.0,21.0,16.0,5.83,0.0,49.926186,3.172789,17.647058,1.9036735,60.784313,60.0,
0.5965665,13.5,2048.0,21.0,16.0,20.8,0.0,49.955193,10.780693,56.862743,6.7918367,54.509804,63.0,
0.60150987,13.6,2240.0,20.0,16.0,25.99,0.0,49.996002,12.299319,77.254906,8.48653,49.80392,69.0,
0.6047408,13.6,1941.0,21.0,16.0,16.37,0.0,50.04482,7.4240365,43.52941,5.3453064,50.980392,72.0,
0.60723454,13.7,1893.0,21.0,16.0,12.6,0.0,50.095844,5.6360083,38.039215,4.114286,56.07843,73.0,
0.6079762,13.7,1877.0,21.0,16.0,2.68,0.0,50.166744,1.1987699,9.803922,0.87510204,58.039215,73.0,
0.61084366,13.8,1832.0,21.0,16.0,12.52,0.0,50.219975,5.7579765,43.137257,4.0881634,55.294117,71.0,
0.61134434,13.8,1872.0,21.0,16.0,2.5,0.0,50.26854,1.1337868,18.431372,0.8163265,53.72549,72.0,
0.6118486,13.9,1796.0,21.0,15.0,2.13,0.0,50.32302,0.97959197,8.627451,0.69551027,56.47059,71.0,
0.61265635,13.9,1547.0,22.0,15.0,2.38,0.0,50.363106,1.2740047,7.8431373,0.7771429,59.215687,61.0,
0.6134025,14.0,1408.0,22.0,15.0,2.78,0.0,50.376823,1.6504639,12.941176,0.90775514,60.39216,55.0,
0.6150844,14.0,1299.0,22.0,15.0,8.71,0.0,50.37815,5.5766306,29.80392,2.8440816,60.784313,51.0,
0.6176349,14.1,1305.0,21.0,15.0,11.27,0.0,50.377216,7.3600006,35.294117,3.6800003,60.784313,50.0,
0.62016284,14.1,1311.0,21.0,15.0,12.82,0.0,50.37857,8.208083,63.137257,4.1861224,60.784313,51.0,
0.62099344,14.1,1274.0,21.0,15.0,3.92,0.0,50.377697,2.5600002,26.666666,1.2800001,61.17647,50.0,
0.62206316,14.1,1193.0,21.0,15.0,5.44,0.0,50.37045,3.7794185,32.156864,1.7763267,56.862743,47.0,
0.62351406,14.2,1183.0,21.0,15.0,7.51,0.0,50.36126,5.330968,42.7451,2.4522452,52.156864,46.0,
0.6246011,14.2,1206.0,21.0,15.0,4.93,0.0,50.35081,3.4995563,29.80392,1.6097959,50.980392,46.0,
0.62544525,14.2,1203.0,21.0,0.0,3.47,0.0,50.339348,2.4631765,21.568628,1.1330612,54.901962,46.0,
0.62845564,14.2,1192.0,21.0,15.0,10.46,0.0,50.182976,2.4631765,48.235294,3.4155104,57.64706,0.0,
0.63091004,14.3,0.0,21.0,15.0,7.67,0.0,50.172005,5.3287024,40.39216,2.5044901,58.039215,47.0,
0.6324161,14.3,1255.0,0.0,15.0,7.61,0.0,50.167397,5.1768703,40.0,2.4848979,58.039215,48.0,
0.6346748,14.4,1254.0,20.0,15.0,8.71,0.0,50.161385,5.92517,44.313725,2.8440816,58.039215,48.0,
0.6363899,14.4,1242.0,20.0,15.0,8.75,0.0,50.15686,5.9523807,47.45098,2.857143,58.039215,48.0,
0.63732827,14.4,1237.0,20.0,15.0,4.75,0.0,50.15231,3.2312925,25.882353,1.5510205,58.431374,48.0,
0.6389298,14.4,1233.0,20.0,16.0,7.4,0.0,50.145054,5.141121,38.82353,2.4163268,55.294117,47.0,
0.6410197,14.5,1239.0,20.0,16.0,8.99,0.0,50.13977,6.1156464,45.882355,2.9355104,52.54902,48.0,
0.642632,14.5,1246.0,0.0,16.0,6.96,0.0,50.13452,4.734694,39.60784,2.272653,54.901962,48.0,
0.6451774,14.5,1231.0,20.0,16.0,10.57,0.0,50.126556,7.343465,59.215687,3.4514284,54.117645,47.0,
0.64832044,14.6,1208.0,20.0,16.0,10.51,0.0,50.116722,7.3017807,61.568626,3.4318368,49.80392,47.0,
0.6500557,14.6,1212.0,20.0,16.0,8.12,0.0,50.10973,5.6413374,45.882355,2.6514287,50.980392,47.0,
0.6520314,14.7,1222.0,20.0,16.0,7.13,0.0,50.100704,4.9535384,0.0,2.3281631,54.509804,47.0,
0.65304613,14.7,1258.0,20.0,16.0,4.82,0.0,50.09609,3.2789116,26.27451,1.5738776,58.039215,48.0,
0.65409714,14.7,1264.0,20.0,16.0,3.55,0.0,50.09271,2.365681,20.784313,1.1591836,60.0,49.0,
0.65504366,14.8,1274.0,20.0,16.0,4.45,0.0,50.090294,2.965431,24.705883,1.4530612,59.60784,49.0,
0.6563219,14.8,1279.0,20.0,16.0,5.57,0.0,50.087708,3.7117867,21.568628,1.8187755,59.60784,49.0,
0.65685225,14.8,1292.0,20.0,16.0,2.3,0.0,50.087505,1.5020407,12.156863,0.7510204,59.60784,50.0,
0.6575829,14.9,1266.0,21.0,16.0,3.11,0.0,50.08488,2.0724697,20.784313,1.0155102,59.60784,49.0,
0.65822935,14.9,1238.0,21.0,16.0,3.36,0.0,50.08075,2.2857144,18.039215,1.0971429,59.60784,48.0,
0.65902126,14.9,1234.0,21.0,16.0,4.14,0.0,50.076668,2.8163266,21.960785,1.3518368,60.0,48.0,
0.65971905,15.0,1214.0,21.0,16.0,2.96,0.0,50.069218,2.0564482,16.862745,0.9665307,60.39216,47.0,
0.66029644,15.0,1187.0,21.0,16.0,2.53,0.0,50.059715,1.7959183,14.117647,0.82612246,61.568626,46.0,
0.6608481,15.0,1153.0,21.0,16.0,2.4,0.0,50.045513,1.7810762,14.90196,0.7836735,63.137257,44.0,
0.66146356,15.0,864.0,21.0,16.0,2.48,0.0,50.004993,2.3817527,27.450981,0.809796,56.07843,34.0,
0.6663167,15.1,1556.0,20.0,16.0,18.94,0.0,49.92956,29.449953,45.098038,6.18449,42.7451,21.0,
0.67070115,15.1,1772.0,20.0,16.0,16.14,0.0,49.877563,17.000658,43.92157,5.270204,47.843136,31.0,
0.6764401,15.1,1735.0,20.0,16.0,24.93,0.0,49.84759,22.001104,77.254906,8.1404085,52.941177,37.0,
0.67966527,15.1,1397.0,20.0,16.0,13.75,0.0,49.82904,10.68999,60.784313,4.4897957,54.901962,42.0,
0.6804701,15.2,1485.0,20.0,16.0,3.8,0.0,49.818756,2.7573698,14.117647,1.2408164,56.47059,45.0,
0.6809699,15.2,1500.0,20.0,16.0,2.25,0.0,49.810253,1.5971605,23.529411,0.7346938,58.039215,46.0,
0.6814284,15.2,1541.0,21.0,16.0,2.34,0.0,49.804737,1.6257055,9.019608,0.7640816,58.82353,47.0,
0.6819264,15.3,1512.0,21.0,16.0,2.56,0.0,49.799286,1.7785497,9.411765,0.83591837,60.39216,47.0,
0.68234956,15.3,950.0,21.0,16.0,2.23,0.0,49.78074,1.8204082,21.960785,0.7281633,60.784313,40.0,
0.68388194,15.3,1894.0,21.0,16.0,5.77,0.0,49.7285,6.280272,9.803922,1.8840816,47.45098,30.0,
0.68706334,15.3,2198.0,20.0,16.0,14.44,0.0,49.68973,14.734693,38.431374,4.7151017,42.35294,32.0,
0.68763894,15.4,2156.0,21.0,16.0,2.47,0.0,49.651222,2.4440322,6.6666665,0.80653065,49.411766,33.0,
0.694346,15.4,1925.0,21.0,16.0,22.51,0.0,49.581654,28.270016,59.60784,7.3502045,55.294117,26.0,
0.6949326,15.4,1879.0,21.0,16.0,2.55,0.0,49.535034,2.8712173,5.882353,0.832653,0.0,29.0,
0.69560105,15.4,891.0,0.0,16.0,2.3,0.0,49.425007,6.827458,24.313726,0.7510204,50.588234,11.0,
0.7032928,15.4,1967.0,0.0,16.0,30.2,0.0,49.33165,82.17687,70.196075,9.861225,54.117645,12.0,
0.711339,15.4,1883.0,20.0,16.0,29.56,0.0,49.269615,37.124016,80.78432,9.652245,55.686275,26.0,
0.7205688,15.4,2748.0,19.0,16.0,38.78,0.0,49.155117,37.124016,82.745094,12.662857,51.764706,0.0,
0.7220206,15.5,3476.0,20.0,16.0,5.65,0.0,49.157227,3.6897962,13.333333,1.8448981,42.7451,50.0,
0.7304648,15.5,2217.0,20.0,16.0,36.48,0.0,49.15463,24.816328,96.47059,11.911838,34.509804,48.0,
0.7382014,15.6,2443.0,20.0,16.0,35.51,0.0,49.162746,21.87755,95.29412,11.595101,39.60784,53.0,
0.74401665,15.6,2376.0,20.0,0.0,26.95,0.0,49.16865,16.923077,61.960785,8.8,48.235294,52.0,
0.7448009,15.6,2260.0,0.0,16.0,2.33,0.0,49.174587,1.4917967,7.0588236,0.76081634,55.686275,51.0,
0.7455524,15.7,1943.0,20.0,16.0,2.51,0.0,49.156837,1.9060276,14.117647,0.8195919,60.39216,43.0,
0.7459654,15.7,1091.0,21.0,16.0,2.08,0.0,49.124172,2.122449,17.254902,0.67918366,60.784313,32.0,
0.7480246,15.7,827.0,21.0,16.0,10.53,0.0,49.062145,21.489798,100.0,3.4383676,54.509804,16.0,
0.7537867,15.7,1670.0,20.0,16.0,24.21,0.0,49.003014,34.370895,68.62745,7.905306,45.098038,23.0,
0.75808614,15.7,2469.0,20.0,16.0,22.54,0.0,48.98301,19.368422,13.725491,7.3600006,44.705883,38.0,
0.76537806,15.8,2255.0,20.0,16.0,35.26,0.0,48.98108,23.986393,92.54902,11.513469,47.058823,48.0,
0.7719065,15.8,1958.0,20.0,16.0,28.05,0.0,49.003193,15.52404,72.15686,9.1591835,50.980392,59.0,
0.776211,15.9,2306.0,0.0,16.0,18.26,0.0,49.050095,8.517784,54.901962,5.962449,54.509804,70.0,
0.78366727,15.9,1985.0,20.0,16.0,26.97,0.0,49.123024,11.437053,74.90196,8.806531,56.07843,77.0,
0.7841459,16.0,2024.0,20.0,16.0,2.22,0.0,49.18367,0.9175923,6.6666665,0.7248979,57.2549,79.0,
0.78467876,16.0,1987.0,21.0,16.0,2.13,0.0,49.2491,0.90326005,5.490196,0.69551027,59.60784,77.0,
0.786246,16.1,1976.0,20.0,16.0,7.14,0.0,49.304188,3.0676692,21.17647,2.3314285,60.784313,76.0,
0.7876763,16.1,1976.0,20.0,16.0,6.31,0.0,49.362976,2.6758547,16.470589,2.060408,60.39216,77.0,
0.78809637,16.2,1908.0,20.0,16.0,2.14,0.0,49.409973,0.9317007,8.235294,0.69877553,60.0,75.0,
0.78849757,16.2,1606.0,21.0,16.0,2.02,0.0,49.43515,1.0469712,7.45098,0.65959185,60.0,63.0,
0.7917084,16.3,1471.0,21.0,16.0,12.19,0.0,49.4537,6.9831724,47.058823,3.9804082,59.60784,57.0,
0.7947126,16.3,1469.0,20.0,16.0,14.27,0.0,49.468464,8.174723,52.54902,4.659592,59.60784,57.0,
0.7975581,16.3,1547.0,20.0,16.0,15.09,0.0,49.48514,8.351436,60.0,4.927347,58.82353,59.0,
0.8013601,16.4,1626.0,20.0,15.0,14.18,0.0,49.516155,7.4680715,44.705883,4.630204,58.82353,62.0,
0.80488414,16.4,1732.0,20.0,16.0,17.88,0.0,49.546143,8.84601,60.784313,5.838367,58.82353,66.0,
0.8098413,16.5,1878.0,20.0,16.0,19.61,0.0,49.598396,8.893424,61.17647,6.4032655,58.82353,72.0,
0.81058514,16.6,2004.0,20.0,16.0,2.71,0.0,49.6675,1.1492182,54.509804,0.884898,58.039215,77.0,
0.81229615,16.6,2013.0,20.0,16.0,6.81,0.0,49.732723,2.8508637,18.82353,2.2236736,58.431374,78.0,
0.8148688,16.7,2029.0,20.0,16.0,11.22,0.0,49.791954,4.697017,30.19608,3.6636734,53.333332,78.0,
0.8175285,16.7,2046.0,20.0,16.0,11.8,0.0,49.85208,4.8772926,34.117645,3.8530612,50.588234,79.0,
0.81994826,16.8,2055.0,20.0,16.0,11.66,0.0,49.907154,4.8194265,34.117645,3.807347,53.333332,79.0,
0.82047194,16.8,2021.0,20.0,16.0,2.3,0.0,49.967365,0.9506587,8.235294,0.7510204,56.47059,79.0,
0.82299775,16.9,1760.0,20.0,16.0,11.46,0.0,50.00344,5.5030017,17.647058,3.742041,57.64706,68.0,
0.82416606,16.9,1778.0,20.0,16.0,4.23,0.0,50.050934,2.0017745,7.8431373,1.3812244,58.431374,69.0,
0.826155,17.0,1761.0,20.0,16.0,9.99,0.0,50.08318,4.7971187,36.07843,3.2620406,59.215687,68.0,
0.82914877,17.0,1787.0,20.0,16.0,14.47,0.0,50.11847,6.8476787,44.313725,4.7248983,59.215687,69.0,
0.83446443,17.1,1849.0,20.0,16.0,21.42,0.0,50.1651,9.851107,65.4902,6.9942856,59.60784,71.0,
0.83957875,17.1,1940.0,20.0,16.0,21.67,0.0,50.217674,9.434559,66.27451,7.0759187,59.215687,75.0,
0.8445633,17.2,2030.0,19.0,16.0,22.85,0.0,50.27201,9.565673,66.27451,7.4612246,59.60784,78.0,
0.8480752,17.2,2096.0,19.0,16.0,16.16,0.0,50.331696,6.5144873,58.431374,5.276735,59.60784,81.0,
0.8514943,17.3,2119.0,19.0,16.0,13.92,0.0,50.401104,5.5430565,40.0,4.545306,59.215687,82.0,
0.85429204,17.3,2129.0,19.0,16.0,14.4,0.0,50.45581,5.7341967,40.784313,4.702041,60.0,82.0,
0.8549888,17.4,2127.0,19.0,16.0,2.96,0.0,50.523857,1.1644949,7.45098,0.9665307,60.0,83.0,
0.85547227,17.5,2066.0,20.0,16.0,2.25,0.0,50.581966,0.9070294,6.6666665,0.7346938,60.39216,81.0,
0.85581475,17.5,1828.0,20.0,16.0,1.8,0.0,50.618065,0.81632656,6.6666665,0.58775514,60.784313,72.0,
0.8578427,17.6,1543.0,21.0,16.0,8.13,0.0,50.640953,4.3519573,9.019608,2.654694,0.0,61.0,
0.85831285,17.6,1584.0,20.0,16.0,1.62,0.0,50.66747,0.86717963,32.156864,0.5289796,60.0,61.0,
0.85884976,17.6,1559.0,20.0,16.0,2.48,0.0,50.68525,1.3496599,8.627451,0.809796,59.60784,60.0,
0.859479,17.7,1495.0,21.0,16.0,2.53,0.0,50.701214,1.4243491,10.196078,0.82612246,60.39216,58.0,
0.8601442,17.7,1408.0,21.0,16.0,2.91,0.0,50.709816,1.7276438,12.54902,0.9502041,60.0,55.0,
0.86077124,17.8,1344.0,21.0,16.0,2.8,0.0,50.71234,1.7582418,12.941176,0.9142857,59.60784,52.0,
0.8612998,17.8,1283.0,21.0,16.0,2.65,0.0,50.711105,1.7306123,12.941176,0.86530614,54.117645,50.0,
0.8625786,17.8,1219.0,21.0,16.0,5.68,0.0,50.703827,3.9461572,20.0,1.8546939,41.568626,47.0,
0.86495084,17.9,1218.0,21.0,15.0,10.83,0.0,50.69677,7.524099,61.17647,3.5363264,37.64706,47.0,
0.8664171,17.9,1205.0,21.0,15.0,6.22,0.0,50.689224,4.32132,21.568628,2.0310204,46.27451,47.0,
0.8687389,17.9,1208.0,21.0,15.0,8.61,0.0,50.68061,5.9817624,48.627453,2.8114283,53.333332,47.0,
0.8722797,18.0,1203.0,21.0,15.0,11.73,0.0,50.668407,8.3265295,18.039215,3.8302038,56.47059,46.0,
0.8760453,18.0,1467.0,20.0,15.0,17.32,0.0,50.65779,12.5678005,71.37255,5.65551,53.72549,45.0,
0.880658,18.0,1527.0,20.0,15.0,19.14,0.0,50.650215,13.297439,73.72549,6.2497964,48.627453,47.0,
0.88296264,18.1,1501.0,20.0,15.0,10.73,0.0,50.643505,7.4546247,37.2549,3.5036736,50.588234,47.0,
0.8845084,18.1,1423.0,21.0,15.0,5.45,0.0,50.62736,4.0445266,12.156863,1.7795918,56.862743,44.0,
0.88576317,18.1,1238.0,21.0,15.0,5.7,0.0,50.60547,4.7723703,27.058823,1.8612244,59.215687,39.0,
0.88700557,18.2,1212.0,21.0,15.0,5.26,0.0,50.580086,4.519871,18.039215,1.7175511,61.17647,38.0,
0.88754046,18.2,1152.0,21.0,15.0,2.5,0.0,50.553524,2.2675736,32.54902,0.8163265,61.17647,36.0,
0.89023304,18.2,0.0,21.0,15.0,9.82,0.0,50.51496,9.430972,31.764706,3.2065306,0.0,34.0,
0.8920614,18.2,1481.0,21.0,15.0,6.27,0.0,50.47169,6.204082,16.470589,2.047347,61.960785,33.0,
0.89290524,18.3,1485.0,21.0,15.0,3.83,0.0,50.43914,3.7897341,14.90196,1.2506123,58.039215,33.0,
0.89435035,18.3,1543.0,21.0,15.0,5.41,0.0,50.402092,5.195678,18.431372,1.7665306,56.47059,34.0,
0.8953535,18.3,1672.0,21.0,15.0,4.28,0.0,50.373646,3.882086,23.921568,1.3975511,58.039215,36.0,
0.89706093,18.3,1750.0,21.0,15.0,7.99,0.0,50.35143,6.8657355,17.254902,2.6089795,58.82353,38.0,
0.8982565,18.4,1880.0,20.0,15.0,5.05,0.0,50.332863,4.0219016,21.568628,1.6489797,58.431374,41.0,
0.9001028,18.4,1898.0,20.0,15.0,9.67,0.0,50.31953,7.5179787,25.490196,3.157551,58.82353,42.0,
0.90057015,18.4,1908.0,21.0,15.0,2.22,0.0,50.306633,1.685809,1.5686275,0.7248979,58.82353,43.0,
0.90438026,18.5,1404.0,20.0,15.0,16.59,0.0,50.292645,12.598007,70.588234,5.4171433,56.862743,43.0,
0.90664095,18.5,1509.0,20.0,16.0,9.16,0.0,50.283813,6.5022182,25.882353,2.9910204,56.862743,46.0,
0.9103221,18.5,1592.0,20.0,15.0,13.05,0.0,50.27846,8.877551,40.0,4.2612247,57.2549,48.0,
0.9160443,18.6,1741.0,20.0,16.0,21.05,0.0,50.284588,12.96881,49.80392,6.8734694,56.07843,53.0,
0.92507833,18.6,2116.0,19.0,16.0,33.74,0.0,50.31498,17.214287,95.29412,11.017143,56.47059,64.0,
0.9317813,18.7,2445.0,19.0,16.0,29.56,0.0,50.361202,12.869659,76.07843,9.652245,56.862743,75.0,
0.9327656,18.7,2510.0,20.0,16.0,5.17,0.0,50.402973,2.1924198,12.156863,1.6881633,58.039215,77.0,
0.9360599,18.8,1983.0,20.0,16.0,16.63,0.0,50.444736,7.145005,6.6666665,5.430204,55.294117,76.0,
0.93979055,18.8,1965.0,20.0,16.0,19.53,0.0,50.484825,8.390978,57.64706,6.3771434,54.117645,76.0,
0.94277096,18.9,1989.0,20.0,16.0,13.72,0.0,50.53209,5.818182,37.64706,4.48,56.07843,77.0,
0.94428384,18.9,1944.0,20.0,16.0,6.85,0.0,50.57814,2.9430718,18.82353,2.2367346,58.039215,76.0,
0.9453545,19.0,1902.0,20.0,15.0,5.38,0.0,50.61626,2.373966,15.686275,1.7567347,58.82353,74.0,
0.9460181,19.0,1880.0,20.0,15.0,3.14,0.0,50.654823,1.404529,16.470589,1.0253061,58.82353,73.0,
0.94644666,19.1,1848.0,21.0,15.0,1.83,0.0,50.695553,0.829932,7.0588236,0.59755105,59.60784,72.0,
0.94711846,19.1,1592.0,21.0,15.0,2.17,0.0,50.723972,1.1428572,9.019608,0.70857143,60.39216,62.0,
0.9476199,19.2,1501.0,21.0,15.0,2.52,0.0,50.7357,1.4187193,9.411765,0.8228572,60.784313,58.0,
0.9481562,19.2,1357.0,21.0,15.0,2.75,0.0,50.74086,1.6628873,12.941176,0.8979592,60.0,54.0,
0.9487572,19.2,1162.0,21.0,15.0,2.38,0.0,50.73118,1.689441,14.90196,0.7771429,60.784313,46.0,
0.95108706,19.3,1080.0,21.0,15.0,9.24,0.0,50.711384,7.358886,67.84314,3.017143,62.35294,41.0,
0.9522558,19.3,964.0,21.0,15.0,5.0,0.0,50.68747,4.2964554,21.568628,1.632653,61.960785,38.0,
0.9528556,19.3,1021.0,22.0,15.0,3.09,0.0,50.65834,3.1530612,23.137255,1.0089796,60.39216,32.0,
0.953309,19.3,894.0,22.0,15.0,2.15,0.0,50.609875,3.1910946,23.921568,0.70204085,57.64706,22.0,
0.953309,19.3,0.0,22.0,15.0,0.0,0.0,50.501255,0.0,27.058823,0.0,52.941177,9.0,
0.9539357,19.3,783.0,22.0,15.0,2.37,0.0,50.39666,77.38775,31.37255,0.7738775,54.509804,1.0,
0.9544623,19.3,780.0,22.0,15.0,2.34,0.0,50.3117,25.469385,31.764706,0.7640816,57.2549,3.0,
0.95490694,19.3,777.0,22.0,15.0,2.26,0.0,50.236023,36.897957,30.19608,0.73795915,59.215687,2.0,
0.95547146,19.3,773.0,22.0,15.0,2.38,0.0,50.147045,25.904762,32.156864,0.7771429,60.0,3.0,
0.95594406,19.3,779.0,22.0,15.0,2.32,0.0,50.067593,75.755104,30.19608,0.757551,60.0,1.0,
0.95651793,19.3,788.0,22.0,15.0,2.53,0.0,49.979427,82.61224,33.72549,0.82612246,60.39216,1.0,
0.95697665,19.3,779.0,22.0,15.0,2.38,0.0,49.903313,82.61224,31.764706,0.7771429,60.784313,0.0,
0.9574889,19.3,780.0,22.0,15.0,2.36,0.0,49.817833,82.61224,30.980392,0.77061224,0.0,0.0,
0.9581529,19.3,1458.0,22.0,15.0,2.52,0.0,49.71452,82.61224,21.17647,0.8228572,60.784313,0.0,
0.9587056,19.3,872.0,23.0,15.0,2.34,0.0,49.622185,82.61224,25.882353,0.7640816,61.17647,0.0,
0.95929354,19.3,789.0,23.0,15.0,2.62,0.0,49.534775,82.61224,33.333332,0.8555102,61.17647,0.0,
0.9598628,19.3,778.0,23.0,15.0,2.76,0.0,49.454727,82.61224,34.509804,0.90122455,60.784313,0.0,
0.9598628,19.3,319.0,23.0,15.0,0.0,0.0,49.36115,82.61224,0.0,0.0,61.17647,0.0,
0.9598628,19.3,0.0,0.0,15.0,0.0,0.0,49.268684,82.61224,0.0,0.0,61.17647,0.0,
0.9598628,19.3,0.0,26.0,15.0,0.0,0.0,49.14938,82.61224,0.0,0.0,61.17647,0.0,
0.9598628,19.3,0.0,27.0,15.0,0.0,0.0,49.06196,82.61224,0.0,0.0,61.17647,0.0,
0.9598628,19.3,0.0,27.0,15.0,0.0,0.0,48.968685,82.61224,0.0,0.0,61.17647,0.0,
0.9598628,19.3,0.0,28.0,15.0,0.0,0.0,48.885174,82.61224,0.0,0.0,61.17647,0.0,
0.9598628,19.3,0.0,28.0,15.0,0.0,0.0,48.80174,82.61224,0.0,0.0,61.17647,0.0,
0.9598628,19.3,0.0,28.0,15.0,0.0,0.0,48.713608,82.61224,0.0,0.0,61.17647,0.0,
0.9598628,19.3,0.0,28.0,15.0,0.0,0.0,48.627087,82.61224,0.0,0.0,61.17647,0.0,
0.9598628,19.3,0.0,29.0,15.0,0.0,0.0,48.553574,82.61224,0.0,0.0,61.17647,0.0,
0.9598628,19.3,0.0,29.0,15.0,0.0,0.0,48.48231,82.61224,0.0,0.0,61.17647,0.0,
